{
  "Name": "Orange Syrup",
  "Description": "Syrup extracted from fruit essence and sweetened with sugar. Used to make cola.",
  "Category": "ArtisanGoods",
  "Edibility": 21,
  "Price": 250,
  "IsColored": false,
  "Recipe": null,
  "GiftTastes": {
	"Like": ["Abigail", "Alex", "Caroline", "Clint", "Demetrius", "Dwarf", "Elliott", "Emily", "Evelyn", "George", "Gus", "Haley", "Harvey", "Jas", "Jodi", "Kent", "Leah", "Lewis", "Linus", "Marnie", "Maru", "Pam", "Penny", "Pierre", "Robin", "Sam", "Sandy", "Sebastian", "Shane", "Vincent", "Wizard"],
	"Dislike": ["Krobus", "Willy"],
  }
}