{
  "Name": "Rhubarb Soda",
  "Description": "Surprisingly not as awful as you feared.",
  "Category": "ArtisanGoods",
  "Edibility": 120,
  "EdibleIsDrink": true,
    "EdibleBuffs":
    {
        "Farming": 0,
        "Fishing": 0,
        "Mining": 0,
        "Luck": 2,
        "Foraging": 2,
        "MaxStamina": 0,
        "MagnetRadius": 0,
        "Speed": 0,
        "Defense": 0,
        "Attack": 0,
        "Duration": 360,
    },
  "Price": 290,
  "IsColored": false,
  "Recipe": null,
  "GiftTastes": {
  "Like": ["Abigail", "Alex", "Caroline", "Clint", "Demetrius", "Dwarf", "Elliott", "Emily", "Evelyn", "George", "Gus", "Haley", "Harvey", "Jodi", "Kent", "Leah", "Lewis", "Linus", "Marnie", "Maru", "Pam", "Penny", "Pierre", "Robin", "Sam", "Sandy", "Sebastian", "Shane", "Wizard"],
  "Dislike": ["Krobus", "Willy"],
},
"ContextTags":
[
"soda_item"
]
}