{
  "Name": "Ancient Soda",
  "Description": "Exotic and very valuable. Has a sweet and mildly tangy flavor.",
  "Category": "ArtisanGoods",
  "Edibility": 160,
  "EdibleIsDrink": true,
    "EdibleBuffs":
    {
        "Farming": 0,
        "Fishing": 0,
        "Mining": 0,
        "Luck": 3,
        "Foraging": 0,
        "MaxStamina": 2,
        "MagnetRadius": 0,
        "Speed": 0,
        "Defense": 0,
        "Attack": 2,
        "Duration": 360,
    },
  "Price": 500,
  "IsColored": false,
  "Recipe": null,
  "GiftTastes": {
  	"Love": ["Vincent", "Jas"],
	"Like": ["Abigail", "Alex", "Caroline", "Clint", "Demetrius", "Dwarf", "Elliott", "Emily", "Evelyn", "George", "Gus", "Haley", "Harvey", "Jodi", "Kent", "Leah", "Lewis", "Linus", "Marnie", "Maru", "Pam", "Penny", "Pierre", "Robin", "Sam", "Sandy", "Sebastian", "Shane", "Wizard"],
	"Dislike": ["Krobus", "Willy"],
},
"ContextTags":
[
"soda_item"
]
}