{
  "name": "Carbonator",
  "Description": "Makes sparkling water with the carbon dioxide released from coal. Add fruit for flavored varieties!",
  "price": 1,
  "provideslight": false,
  "ReserveExtraIndexCount": 6,
  "Recipe":
  {
    "ResultCount": 1,
        "Ingredients": [
        {
            "Object": 335,
            "Count": 2,
        },
        {
            "Object": 382,
            "Count": 5,
        },
        ],
        "CanPurchase": true,
        "PurchaseFrom": "Gus",
        "PurchasePrice": 8000,   
  }
}