[
	// Carbonator
	{
		"ProducerName": "Carbonator",
		"InputIdentifier": "Coal",
		"InputStack": 1,
		"FuelIdentifier": null,
        "FuelStack": 1,
		"MinutesUntilReady": 300,
		"OutputIdentifier":"Sparkling Water",
		"OutputStack": 1,
		"Sounds": ["bubbles"],
	},
	{
		"ProducerName": "Carbonator",
		"InputIdentifier": -79,
		"InputStack": 1,
		"FuelIdentifier": "Coal",
        "FuelStack": 1,
		"MinutesUntilReady": 800,
		"OutputIdentifier":"Flavored Sparkling Water",
		"OutputName": "{inputName} Sparkling Water",
		"InputPriceBased": true,
		"OutputPriceIncrement": 15,
		"OutputPriceMultiplier": 1.2,
		"OutputStack": 1,
		"Sounds": ["bubbles"],
	},
	// Soda Maker Vanilla Fruit
	{
		"ProducerName": "Artisanal Soda Maker",
		"InputIdentifier": "Ancient Fruit",
		"InputStack": 1,
		"FuelIdentifier": "Sparkling Water",
        "FuelStack": 1,
        "AdditionalFuel": {"245":1},
		"MinutesUntilReady": 1500,
		"OutputIdentifier":"Ancient Soda",
		"InputPriceBased": true,
		"OutputPriceMultiplier": 1.2,
		"OutputPriceIncrement": 75,
		"OutputStack": 1,
		"Sounds": ["bubbles"],
	},
	{
		"ProducerName": "Artisanal Soda Maker",
		"InputIdentifier": "Apple",
		"InputStack": 1,
		"FuelIdentifier": "Sparkling Water",
        "FuelStack": 1,
        "AdditionalFuel": {"245":1},
		"MinutesUntilReady": 1500,
		"OutputIdentifier":"Apple Soda",
		"InputPriceBased": true,
		"OutputPriceMultiplier": 1.2,
		"OutputPriceIncrement": 75,
		"OutputStack": 1,
		"Sounds": ["bubbles"],
	},
	{
		"ProducerName": "Artisanal Soda Maker",
		"InputIdentifier": "Apricot",
		"InputStack": 1,
		"FuelIdentifier": "Sparkling Water",
        "FuelStack": 1,
        "AdditionalFuel": {"245":1},
		"MinutesUntilReady": 1500,
		"OutputIdentifier":"Apricot Soda",
		"InputPriceBased": true,
		"OutputPriceMultiplier": 1.2,
		"OutputPriceIncrement": 75,
		"OutputStack": 1,
		"Sounds": ["bubbles"],
	},
	{
		"ProducerName": "Artisanal Soda Maker",
		"InputIdentifier": "Blackberry",
		"InputStack": 1,
		"FuelIdentifier": "Sparkling Water",
        "FuelStack": 1,
        "AdditionalFuel": {"245":1},
		"MinutesUntilReady": 1500,
		"OutputIdentifier":"Blackberry Soda",
		"InputPriceBased": true,
		"OutputPriceMultiplier": 1.2,
		"OutputPriceIncrement": 75,
		"OutputStack": 1,
		"Sounds": ["bubbles"],
	},
	{
		"ProducerName": "Artisanal Soda Maker",
		"InputIdentifier": "Blueberry",
		"InputStack": 1,
		"FuelIdentifier": "Sparkling Water",
        "FuelStack": 1,
        "AdditionalFuel": {"245":1},
		"MinutesUntilReady": 1500,
		"OutputIdentifier":"Blueberry Soda",
		"InputPriceBased": true,
		"OutputPriceMultiplier": 1.2,
		"OutputPriceIncrement": 75,
		"OutputStack": 1,
		"Sounds": ["bubbles"],
	},
	{
		"ProducerName": "Artisanal Soda Maker",
		"InputIdentifier": "Cactus Fruit",
		"InputStack": 1,
		"FuelIdentifier": "Sparkling Water",
        "FuelStack": 1,
        "AdditionalFuel": {"245":1},
		"MinutesUntilReady": 1500,
		"OutputIdentifier":"Cactus Soda",
		"InputPriceBased": true,
		"OutputPriceMultiplier": 1.2,
		"OutputPriceIncrement": 75,
		"OutputStack": 1,
		"Sounds": ["bubbles"],
	},
	{
		"ProducerName": "Artisanal Soda Maker",
		"InputIdentifier": "Cherry",
		"InputStack": 1,
		"FuelIdentifier": "Sparkling Water",
        "FuelStack": 1,
        "AdditionalFuel": {"245":1},
		"MinutesUntilReady": 1500,
		"OutputIdentifier":"Cherry Soda",
		"InputPriceBased": true,
		"OutputPriceMultiplier": 1.2,
		"OutputPriceIncrement": 75,
		"OutputStack": 1,
		"Sounds": ["bubbles"],
	},
	{
		"ProducerName": "Artisanal Soda Maker",
		"InputIdentifier": "Coconut",
		"InputStack": 1,
		"FuelIdentifier": "Sparkling Water",
        "FuelStack": 1,
        "AdditionalFuel": {"245":1},
		"MinutesUntilReady": 1500,
		"OutputIdentifier":"Coconut Soda",
		"InputPriceBased": true,
		"OutputPriceMultiplier": 1.2,
		"OutputPriceIncrement": 75,
		"OutputStack": 1,
		"Sounds": ["bubbles"],
	},
	{
		"ProducerName": "Artisanal Soda Maker",
		"InputIdentifier": "Cranberries",
		"InputStack": 1,
		"FuelIdentifier": "Sparkling Water",
        "FuelStack": 1,
        "AdditionalFuel": {"245":1},
		"MinutesUntilReady": 1500,
		"OutputIdentifier":"Cranberry Soda",
		"InputPriceBased": true,
		"OutputPriceMultiplier": 1.2,
		"OutputPriceIncrement": 75,
		"OutputStack": 1,
		"Sounds": ["bubbles"],
	},
	{
		"ProducerName": "Artisanal Soda Maker",
		"InputIdentifier": "Crystal Fruit",
		"InputStack": 1,
		"FuelIdentifier": "Sparkling Water",
        "FuelStack": 1,
        "AdditionalFuel": {"245":1},
		"MinutesUntilReady": 1500,
		"OutputIdentifier":"Crystal Soda",
		"InputPriceBased": true,
		"OutputPriceMultiplier": 1.2,
		"OutputPriceIncrement": 75,
		"OutputStack": 1,
		"Sounds": ["bubbles"],
	},
	{
		"ProducerName": "Artisanal Soda Maker",
		"InputIdentifier": "Grape",
		"InputStack": 1,
		"FuelIdentifier": "Sparkling Water",
        "FuelStack": 1,
        "AdditionalFuel": {"245":1},
		"MinutesUntilReady": 1500,
		"OutputIdentifier":"Grape Soda",
		"InputPriceBased": true,	
		"OutputPriceMultiplier": 1.2,		
		"OutputPriceIncrement": 75,
		"OutputStack": 1,
		"Sounds": ["bubbles"],
	},
	{
		"ProducerName": "Artisanal Soda Maker",
		"InputIdentifier": "Hot Pepper",
		"InputStack": 1,
		"FuelIdentifier": "Sparkling Water",
        "FuelStack": 1,
        "AdditionalFuel": {"245":1},
		"MinutesUntilReady": 1500,
		"OutputIdentifier":"Pepper Soda",
		"InputPriceBased": true,
		"OutputPriceMultiplier": 1.2,
		"OutputPriceIncrement": 75,
	
		"OutputStack": 1,
		"Sounds": ["bubbles"],
	},
	{
		"ProducerName": "Artisanal Soda Maker",
		"InputIdentifier": "Melon",
		"InputStack": 1,
		"FuelIdentifier": "Sparkling Water",
        "FuelStack": 1,
        "AdditionalFuel": {"245":1},
		"MinutesUntilReady": 1500,
		"OutputIdentifier":"Melon Soda",
		"InputPriceBased": true,
		"OutputPriceMultiplier": 1.2,
		"OutputPriceIncrement": 75,
	
		"OutputStack": 1,
		"Sounds": ["bubbles"],
        "PlacingAnimation": null,
        "PlacingAnimationColorName": "White", 
	},
	{
		"ProducerName": "Artisanal Soda Maker",
		"InputIdentifier": "Orange",
		"InputStack": 1,
		"FuelIdentifier": "Sparkling Water",
        "FuelStack": 1,
        "AdditionalFuel": {"245":1},
		"MinutesUntilReady": 1500,
		"OutputIdentifier":"Orange Soda",
		"InputPriceBased": true,
		"OutputPriceMultiplier": 1.2,
		"OutputPriceIncrement": 75,
		"OutputStack": 1,
		"Sounds": ["bubbles"],
	},
	{
		"ProducerName": "Artisanal Soda Maker",
		"InputIdentifier": "Peach",
		"InputStack": 1,
		"FuelIdentifier": "Sparkling Water",
        "FuelStack": 1,
        "AdditionalFuel": {"245":1},
		"MinutesUntilReady": 1500,
		"OutputIdentifier":"Peach Soda",
		"InputPriceBased": true,
		"OutputPriceMultiplier": 1.2,
		"OutputPriceIncrement": 75,
		"OutputStack": 1,
		"Sounds": ["bubbles"],
	},
	{
		"ProducerName": "Artisanal Soda Maker",
		"InputIdentifier": "Pomegranate",
		"InputStack": 1,
		"FuelIdentifier": "Sparkling Water",
        "FuelStack": 1,
        "AdditionalFuel": {"245":1},
		"MinutesUntilReady": 1500,
		"OutputIdentifier":"Pomegranate Soda",
		"InputPriceBased": true,
		"OutputPriceMultiplier": 1.2,
		"OutputPriceIncrement": 75,
		"OutputStack": 1,
		"Sounds": ["bubbles"],
	},
	{
		"ProducerName": "Artisanal Soda Maker",
		"InputIdentifier": "Rhubarb",
		"InputStack": 1,
		"FuelIdentifier": "Sparkling Water",
        "FuelStack": 1,
        "AdditionalFuel": {"245":1},
		"MinutesUntilReady": 1500,
		"OutputIdentifier":"Rhubarb Soda",
		"InputPriceBased": true,
		"OutputPriceMultiplier": 1.2,
		"OutputPriceIncrement": 75,
		"OutputStack": 1,
		"Sounds": ["bubbles"],
	},
	{
		"ProducerName": "Artisanal Soda Maker",
		"InputIdentifier": "Salmonberry",
		"InputStack": 1,
		"FuelIdentifier": "Sparkling Water",
        "FuelStack": 1,
        "AdditionalFuel": {"245":1},
		"MinutesUntilReady": 1500,
		"OutputIdentifier":"Salmonberry Soda",
		"InputPriceBased": true,
		"OutputPriceMultiplier": 1.2,
		"OutputPriceIncrement": 75,
		"OutputStack": 1,
		"Sounds": ["bubbles"],
	},
	{
		"ProducerName": "Artisanal Soda Maker",
		"InputIdentifier": "Spice Berry",
		"InputStack": 1,
		"FuelIdentifier": "Sparkling Water",
        "FuelStack": 1,
        "AdditionalFuel": {"245":1},
		"MinutesUntilReady": 1500,
		"OutputIdentifier":"Spiced Soda",
		"InputPriceBased": true,
		"OutputPriceMultiplier": 1.2,
		"OutputPriceIncrement": 75,
		"OutputStack": 1,
		"Sounds": ["bubbles"],
	},
	{
		"ProducerName": "Artisanal Soda Maker",
		"InputIdentifier": "Starfruit",
		"InputStack": 1,
		"FuelIdentifier": "Sparkling Water",
        "FuelStack": 1,
        "AdditionalFuel": {"245":1},
		"MinutesUntilReady": 1500,
		"OutputIdentifier":"Starfruit Soda",
		"InputPriceBased": true,
		"OutputPriceMultiplier": 1.2,
		"OutputPriceIncrement": 75,
		"OutputStack": 1,
		"Sounds": ["bubbles"],
	},
	{
		"ProducerName": "Artisanal Soda Maker",
		"InputIdentifier": "Strawberry",
		"InputStack": 1,
		"FuelIdentifier": "Sparkling Water",
        "FuelStack": 1,
        "AdditionalFuel": {"245":1},
		"MinutesUntilReady": 1500,
		"OutputIdentifier":"Strawberry Soda",
		"InputPriceBased": true,
		"OutputPriceMultiplier": 1.2,
		"OutputPriceIncrement": 75,
		"OutputStack": 1,
		"Sounds": ["bubbles"],
	},
	{
		"ProducerName": "Artisanal Soda Maker",
		"InputIdentifier": "Sweet Gem Berry",
		"InputStack": 1,
		"FuelIdentifier": "Sparkling Water",
        "FuelStack": 1,
        "AdditionalFuel": {"245":1},
		"MinutesUntilReady": 1500,
		"OutputIdentifier":"Gem Soda",
		"InputPriceBased": true,
		"OutputPriceMultiplier": 1.2,
		"OutputPriceIncrement": 75,
		"OutputStack": 1,
		"Sounds": ["bubbles"],
	},
	{
		"ProducerName": "Artisanal Soda Maker",
		"InputIdentifier": "Wild Plum",
		"InputStack": 1,
		"FuelIdentifier": "Sparkling Water",
        "FuelStack": 1,
        "AdditionalFuel": {"245":1},
		"MinutesUntilReady": 1500,
		"OutputIdentifier":"Plum Soda",
		"InputPriceBased": true,
		"OutputPriceMultiplier": 1.2,		
		"OutputPriceIncrement": 75,
		"OutputStack": 1,
		"Sounds": ["bubbles"],
	},
	// Cream Soda Maker Vanilla Fruit
	{
		"ProducerName": "Cream Soda Maker",
		"InputIdentifier": "Ancient Fruit",
		"InputStack": 1,
		"FuelIdentifier": "Sparkling Water",
        "FuelStack": 1,
		"AdditionalFuel": {"245":1, "Vanilla Extract":1},
		"MinutesUntilReady": 1500,
		"OutputIdentifier":"Ancient Cream Soda",
		"InputPriceBased": true,
		"OutputPriceMultiplier": 1.2,
		"OutputPriceIncrement": 250,
		"OutputStack": 1,
		"Sounds": ["bubbles"],
	},
	{
		"ProducerName": "Cream Soda Maker",
		"InputIdentifier": "Apple",
		"InputStack": 1,
		"FuelIdentifier": "Sparkling Water",
        "FuelStack": 1,
		"AdditionalFuel": {"245":1, "Vanilla Extract":1},
		"MinutesUntilReady": 1500,
		"OutputIdentifier":"Apple Cream Soda",
		"InputPriceBased": true,
		"OutputPriceMultiplier": 1.2,
		"OutputPriceIncrement": 250,
		"OutputStack": 1,
		"Sounds": ["bubbles"],
	},
	{
		"ProducerName": "Cream Soda Maker",
		"InputIdentifier": "Apricot",
		"InputStack": 1,
		"FuelIdentifier": "Sparkling Water",
        "FuelStack": 1,
		"AdditionalFuel": {"245":1, "Vanilla Extract":1},
		"MinutesUntilReady": 1500,
		"OutputIdentifier":"Apricot Cream Soda",
		"InputPriceBased": true,
		"OutputPriceMultiplier": 1.2,
		"OutputPriceIncrement": 250,
		"OutputStack": 1,
		"Sounds": ["bubbles"],
	},
	{
		"ProducerName": "Cream Soda Maker",
		"InputIdentifier": "Blackberry",
		"InputStack": 1,
		"FuelIdentifier": "Sparkling Water",
        "FuelStack": 1,
		"AdditionalFuel": {"245":1, "Vanilla Extract":1},
		"MinutesUntilReady": 1500,
		"OutputIdentifier":"Blackberry Cream Soda",
		"InputPriceBased": true,
		"OutputPriceMultiplier": 1.2,
		"OutputPriceIncrement": 250,
		"OutputStack": 1,
		"Sounds": ["bubbles"],
	},
	{
		"ProducerName": "Cream Soda Maker",
		"InputIdentifier": "Blueberry",
		"InputStack": 1,
		"FuelIdentifier": "Sparkling Water",
        "FuelStack": 1,
		"AdditionalFuel": {"245":1, "Vanilla Extract":1},
		"MinutesUntilReady": 1500,
		"OutputIdentifier":"Blueberry Cream Soda",
		"InputPriceBased": true,
		"OutputPriceMultiplier": 1.2,
		"OutputPriceIncrement": 250,
		"OutputStack": 1,
		"Sounds": ["bubbles"],
	},
	{
		"ProducerName": "Cream Soda Maker",
		"InputIdentifier": "Cactus Fruit",
		"InputStack": 1,
		"FuelIdentifier": "Sparkling Water",
        "FuelStack": 1,
		"AdditionalFuel": {"245":1, "Vanilla Extract":1},
		"MinutesUntilReady": 1500,
		"OutputIdentifier":"Cactus Cream Soda",
		"InputPriceBased": true,
		"OutputPriceMultiplier": 1.2,
		"OutputPriceIncrement": 250,
		"OutputStack": 1,
		"Sounds": ["bubbles"],
	},
	{
		"ProducerName": "Cream Soda Maker",
		"InputIdentifier": "Cherry",
		"InputStack": 1,
		"FuelIdentifier": "Sparkling Water",
        "FuelStack": 1,
		"AdditionalFuel": {"245":1, "Vanilla Extract":1},
		"MinutesUntilReady": 1500,
		"OutputIdentifier":"Cherry Cream Soda",
		"InputPriceBased": true,
		"OutputPriceMultiplier": 1.2,
		"OutputPriceIncrement": 250,
		"OutputStack": 1,
		"Sounds": ["bubbles"],
	},
	{
		"ProducerName": "Cream Soda Maker",
		"InputIdentifier": "Coconut",
		"InputStack": 1,
		"FuelIdentifier": "Sparkling Water",
        "FuelStack": 1,
		"AdditionalFuel": {"245":1, "Vanilla Extract":1},
		"MinutesUntilReady": 1500,
		"OutputIdentifier":"Coconut Cream Soda",
		"InputPriceBased": true,
		"OutputPriceMultiplier": 1.2,
		"OutputPriceIncrement": 250,
		"OutputStack": 1,
		"Sounds": ["bubbles"],
	},
	{
		"ProducerName": "Cream Soda Maker",
		"InputIdentifier": "Cranberries",
		"InputStack": 1,
		"FuelIdentifier": "Sparkling Water",
        "FuelStack": 1,
		"AdditionalFuel": {"245":1, "Vanilla Extract":1},
		"MinutesUntilReady": 1500,
		"OutputIdentifier":"Cranberry Cream Soda",
		"InputPriceBased": true,
		"OutputPriceMultiplier": 1.2,
		"OutputPriceIncrement": 250,
		"OutputStack": 1,
		"Sounds": ["bubbles"],
	},
	{
		"ProducerName": "Cream Soda Maker",
		"InputIdentifier": "Crystal Fruit",
		"InputStack": 1,
		"FuelIdentifier": "Sparkling Water",
        "FuelStack": 1,
		"AdditionalFuel": {"245":1, "Vanilla Extract":1},
		"MinutesUntilReady": 1500,
		"OutputIdentifier":"Crystal Cream Soda",
		"InputPriceBased": true,
		"OutputPriceMultiplier": 1.2,
		"OutputPriceIncrement": 250,
		"OutputStack": 1,
		"Sounds": ["bubbles"],
	},
	{
		"ProducerName": "Cream Soda Maker",
		"InputIdentifier": "Grape",
		"InputStack": 1,
		"FuelIdentifier": "Sparkling Water",
        "FuelStack": 1,
		"AdditionalFuel": {"245":1, "Vanilla Extract":1},
		"MinutesUntilReady": 1500,
		"OutputIdentifier":"Grape Cream Soda",
		"InputPriceBased": true,
		"OutputPriceMultiplier": 1.2,
		"OutputPriceIncrement": 250,
		"OutputStack": 1,
		"Sounds": ["bubbles"],
	},
	{
		"ProducerName": "Cream Soda Maker",
		"InputIdentifier": "Hot Pepper",
		"InputStack": 1,
		"FuelIdentifier": "Sparkling Water",
        "FuelStack": 1,
		"AdditionalFuel": {"245":1, "Vanilla Extract":1},
		"MinutesUntilReady": 1500,
		"OutputIdentifier":"Pepper Cream Soda",
		"InputPriceBased": true,
		"OutputPriceMultiplier": 1.2,
		"OutputPriceIncrement": 250,
		"OutputStack": 1,
		"Sounds": ["bubbles"],
	},
	{
		"ProducerName": "Cream Soda Maker",
		"InputIdentifier": "Melon",
		"InputStack": 1,
		"FuelIdentifier": "Sparkling Water",
        "FuelStack": 1,
		"AdditionalFuel": {"245":1, "Vanilla Extract":1},
		"MinutesUntilReady": 1500,
		"OutputIdentifier":"Melon Cream Soda",
		"InputPriceBased": true,
		"OutputPriceMultiplier": 1.2,
		"OutputPriceIncrement": 250,
		"OutputStack": 1,
		"Sounds": ["bubbles"],
	},
	{
		"ProducerName": "Cream Soda Maker",
		"InputIdentifier": "Orange",
		"InputStack": 1,
		"FuelIdentifier": "Sparkling Water",
        "FuelStack": 1,
		"AdditionalFuel": {"245":1, "Vanilla Extract":1},
		"MinutesUntilReady": 1500,
		"OutputIdentifier":"Orange Cream Soda",
		"InputPriceBased": true,
		"OutputPriceMultiplier": 1.2,
		"OutputPriceIncrement": 250,
		"OutputStack": 1,
		"Sounds": ["bubbles"],
	},
	{
		"ProducerName": "Cream Soda Maker",
		"InputIdentifier": "Peach",
		"InputStack": 1,
		"FuelIdentifier": "Sparkling Water",
        "FuelStack": 1,
		"AdditionalFuel": {"245":1, "Vanilla Extract":1},
		"MinutesUntilReady": 1500,
		"OutputIdentifier":"Peach Cream Soda",
		"InputPriceBased": true,
		"OutputPriceMultiplier": 1.2,
		"OutputPriceIncrement": 250,
		"OutputStack": 1,
		"Sounds": ["bubbles"],
	},
	{
		"ProducerName": "Cream Soda Maker",
		"InputIdentifier": "Pomegranate",
		"InputStack": 1,
		"FuelIdentifier": "Sparkling Water",
        "FuelStack": 1,
		"AdditionalFuel": {"245":1, "Vanilla Extract":1},
		"MinutesUntilReady": 1500,
		"OutputIdentifier":"Pomegranate Cream Soda",
		"InputPriceBased": true,
		"OutputPriceMultiplier": 1.2,
		"OutputPriceIncrement": 250,
		"OutputStack": 1,
		"Sounds": ["bubbles"],
	},
	{
		"ProducerName": "Cream Soda Maker",
		"InputIdentifier": "Rhubarb",
		"InputStack": 1,
		"FuelIdentifier": "Sparkling Water",
        "FuelStack": 1,
		"AdditionalFuel": {"245":1, "Vanilla Extract":1},
		"MinutesUntilReady": 1500,
		"OutputIdentifier":"Rhubarb Cream Soda",
		"InputPriceBased": true,
		"OutputPriceMultiplier": 1.2,
		"OutputPriceIncrement": 250,
		"OutputStack": 1,
		"Sounds": ["bubbles"],
	},
	{
		"ProducerName": "Cream Soda Maker",
		"InputIdentifier": "Salmonberry",
		"InputStack": 1,
		"FuelIdentifier": "Sparkling Water",
        "FuelStack": 1,
		"AdditionalFuel": {"245":1, "Vanilla Extract":1},
		"MinutesUntilReady": 1500,
		"OutputIdentifier":"Salmonberry Cream Soda",
		"InputPriceBased": true,
		"OutputPriceMultiplier": 1.2,
		"OutputPriceIncrement": 250,
		"OutputStack": 1,
		"Sounds": ["bubbles"],
	},
	{
		"ProducerName": "Cream Soda Maker",
		"InputIdentifier": "Spice Berry",
		"InputStack": 1,
		"FuelIdentifier": "Sparkling Water",
        "FuelStack": 1,
		"AdditionalFuel": {"245":1, "Vanilla Extract":1},
		"MinutesUntilReady": 1500,
		"OutputIdentifier":"Spiced Cream Soda",
		"InputPriceBased": true,
		"OutputPriceMultiplier": 1.2,
		"OutputPriceIncrement": 250,
		"OutputStack": 1,
		"Sounds": ["bubbles"],
	},
	{
		"ProducerName": "Cream Soda Maker",
		"InputIdentifier": "Starfruit",
		"InputStack": 1,
		"FuelIdentifier": "Sparkling Water",
        "FuelStack": 1,
		"AdditionalFuel": {"245":1, "Vanilla Extract":1},
		"MinutesUntilReady": 1500,
		"OutputIdentifier":"Starfruit Cream Soda",
		"InputPriceBased": true,
		"OutputPriceMultiplier": 1.2,
		"OutputPriceIncrement": 250,
		"OutputStack": 1,
		"Sounds": ["bubbles"],
	},
	{
		"ProducerName": "Cream Soda Maker",
		"InputIdentifier": "Strawberry",
		"InputStack": 1,
		"FuelIdentifier": "Sparkling Water",
        "FuelStack": 1,
		"AdditionalFuel": {"245":1, "Vanilla Extract":1},
		"MinutesUntilReady": 1500,
		"OutputIdentifier":"Strawberry Cream Soda",
		"InputPriceBased": true,
		"OutputPriceMultiplier": 1.2,
		"OutputPriceIncrement": 250,
		"OutputStack": 1,
		"Sounds": ["bubbles"],
	},
	{
		"ProducerName": "Cream Soda Maker",
		"InputIdentifier": "Sweet Gem Berry",
		"InputStack": 1,
		"FuelIdentifier": "Sparkling Water",
        "FuelStack": 1,
		"AdditionalFuel": {"245":1, "Vanilla Extract":1},
		"MinutesUntilReady": 1500,
		"OutputIdentifier":"Gem Cream Soda",
		"InputPriceBased": true,
		"OutputPriceMultiplier": 1.2,
		"OutputPriceIncrement": 250,
		"OutputStack": 1,
		"Sounds": ["bubbles"],
	},
	{
		"ProducerName": "Cream Soda Maker",
		"InputIdentifier": "Wild Plum",
		"InputStack": 1,
		"FuelIdentifier": "Sparkling Water",
        "FuelStack": 1,
		"AdditionalFuel": {"245":1, "Vanilla Extract":1},
		"MinutesUntilReady": 1500,
		"OutputIdentifier":"Plum Cream Soda",
		"InputPriceBased": true,
		"OutputPriceMultiplier": 1.2,
		"OutputPriceIncrement": 250,
		"OutputStack": 1,
		"Sounds": ["bubbles"],
	},
	
	// Syrup Maker Vanilla
	{
		"ProducerName": "Syrup Maker",
		"InputIdentifier": "Ancient Fruit",
		"InputStack": 1,
		"FuelIdentifier": 245,
        "FuelStack": 1,
		"MinutesUntilReady": 1000,
		"OutputIdentifier":"Ancient Syrup",
		"InputPriceBased": true,
		"OutputPriceMultiplier": 1.2,
		"OutputPriceIncrement": 50,
		"OutputStack": 1,
		"Sounds": ["bubbles"],
	},
	{
		"ProducerName": "Syrup Maker",
		"InputIdentifier": "Apple",
		"InputStack": 1,
		"FuelIdentifier": 245,
        "FuelStack": 1,
		"MinutesUntilReady": 1000,
		"OutputIdentifier":"Apple Syrup",
		"InputPriceBased": true,
		"OutputPriceMultiplier": 1.2,
		"OutputPriceIncrement": 50,
		"OutputStack": 1,
		"Sounds": ["bubbles"],
	},
	{
		"ProducerName": "Syrup Maker",
		"InputIdentifier": "Apricot",
		"InputStack": 1,
		"FuelIdentifier": 245,
        "FuelStack": 1,
		"MinutesUntilReady": 1000,
		"OutputIdentifier":"Apricot Syrup",
		"InputPriceBased": true,
		"OutputPriceMultiplier": 1.2,
		"OutputPriceIncrement": 50,
		"OutputStack": 1,
		"Sounds": ["bubbles"],
	},
	{
		"ProducerName": "Syrup Maker",
		"InputIdentifier": "Blackberry",
		"InputStack": 1,
		"FuelIdentifier": 245,
        "FuelStack": 1,
		"MinutesUntilReady": 1000,
		"OutputIdentifier":"Blackberry Syrup",
		"InputPriceBased": true,
		"OutputPriceMultiplier": 1.2,
		"OutputPriceIncrement": 50,
		"OutputStack": 1,
		"Sounds": ["bubbles"],
	},
	{
		"ProducerName": "Syrup Maker",
		"InputIdentifier": "Blueberry",
		"InputStack": 1,
		"FuelIdentifier": 245,
        "FuelStack": 1,
		"MinutesUntilReady": 1000,
		"OutputIdentifier":"Blueberry Syrup",
		"InputPriceBased": true,
		"OutputPriceMultiplier": 1.2,
		"OutputPriceIncrement": 50,
		"OutputStack": 1,
		"Sounds": ["bubbles"],
	},
	{
		"ProducerName": "Syrup Maker",
		"InputIdentifier": "Cactus Fruit",
		"InputStack": 1,
		"FuelIdentifier": 245,
        "FuelStack": 1,
		"MinutesUntilReady": 1000,
		"OutputIdentifier":"Cactus Syrup",
		"InputPriceBased": true,
		"OutputPriceMultiplier": 1.2,
		"OutputPriceIncrement": 50,
		"OutputStack": 1,
		"Sounds": ["bubbles"],
	},
	{
		"ProducerName": "Syrup Maker",
		"InputIdentifier": "Cherry",
		"InputStack": 1,
		"FuelIdentifier": 245,
        "FuelStack": 1,
		"MinutesUntilReady": 1000,
		"OutputIdentifier":"Cherry Syrup",
		"InputPriceBased": true,
		"OutputPriceMultiplier": 1.2,
		"OutputPriceIncrement": 50,
		"OutputStack": 1,
		"Sounds": ["bubbles"],
	},
	{
		"ProducerName": "Syrup Maker",
		"InputIdentifier": "Coconut",
		"InputStack": 1,
		"FuelIdentifier": 245,
        "FuelStack": 1,
		"MinutesUntilReady": 1000,
		"OutputIdentifier":"Coconut Syrup",
		"InputPriceBased": true,
		"OutputPriceMultiplier": 1.2,
		"OutputPriceIncrement": 50,
		"OutputStack": 1,
		"Sounds": ["bubbles"],
	},
	{
		"ProducerName": "Syrup Maker",
		"InputIdentifier": "Cranberries",
		"InputStack": 1,
		"FuelIdentifier": 245,
        "FuelStack": 1,
		"MinutesUntilReady": 1000,
		"OutputIdentifier":"Cranberry Syrup",
		"InputPriceBased": true,
		"OutputPriceMultiplier": 1.2,
		"OutputPriceIncrement": 50,
		"OutputStack": 1,
		"Sounds": ["bubbles"],
	},
	{
		"ProducerName": "Syrup Maker",
		"InputIdentifier": "Crystal Fruit",
		"InputStack": 1,
		"FuelIdentifier": 245,
        "FuelStack": 1,
		"MinutesUntilReady": 1000,
		"OutputIdentifier":"Crystal Syrup",
		"InputPriceBased": true,
		"OutputPriceMultiplier": 1.2,
		"OutputPriceIncrement": 50,
		"OutputStack": 1,
		"Sounds": ["bubbles"],
	},
	{
		"ProducerName": "Syrup Maker",
		"InputIdentifier": "Grape",
		"InputStack": 1,
		"FuelIdentifier": 245,
        "FuelStack": 1,
		"MinutesUntilReady": 1000,
		"OutputIdentifier":"Grape Syrup",
		"InputPriceBased": true,
		"OutputPriceMultiplier": 1.2,
		"OutputPriceIncrement": 50,
		"OutputStack": 1,
		"Sounds": ["bubbles"],
	},
	{
		"ProducerName": "Syrup Maker",
		"InputIdentifier": "Hot Pepper",
		"InputStack": 1,
		"FuelIdentifier": 245,
        "FuelStack": 1,
		"MinutesUntilReady": 1000,
		"OutputIdentifier":"Pepper Syrup",
		"InputPriceBased": true,
		"OutputPriceMultiplier": 1.2,
		"OutputPriceIncrement": 50,
		"OutputStack": 1,
		"Sounds": ["bubbles"],
	},
	{
		"ProducerName": "Syrup Maker",
		"InputIdentifier": "Melon",
		"InputStack": 1,
		"FuelIdentifier": 245,
        "FuelStack": 1,
		"MinutesUntilReady": 1000,
		"OutputIdentifier":"Melon Syrup",
		"InputPriceBased": true,
		"OutputPriceMultiplier": 1.2,
		"OutputPriceIncrement": 50,
		"OutputStack": 1,
		"Sounds": ["bubbles"],
	},
	{
		"ProducerName": "Syrup Maker",
		"InputIdentifier": "Orange",
		"InputStack": 1,
		"FuelIdentifier": 245,
        "FuelStack": 1,
		"MinutesUntilReady": 1000,
		"OutputIdentifier":"Orange Syrup",
		"InputPriceBased": true,
		"OutputPriceMultiplier": 1.2,
		"OutputPriceIncrement": 50,
		"OutputStack": 1,
		"Sounds": ["bubbles"],
	},
	{
		"ProducerName": "Syrup Maker",
		"InputIdentifier": "Peach",
		"InputStack": 1,
		"FuelIdentifier": 245,
        "FuelStack": 1,
		"MinutesUntilReady": 1000,
		"OutputIdentifier":"Peach Syrup",
		"InputPriceBased": true,
		"OutputPriceMultiplier": 1.2,
		"OutputPriceIncrement": 50,
		"OutputStack": 1,
		"Sounds": ["bubbles"],
	},
	{
		"ProducerName": "Syrup Maker",
		"InputIdentifier": "Pomegranate",
		"InputStack": 1,
		"FuelIdentifier": 245,
        "FuelStack": 1,
		"MinutesUntilReady": 1000,
		"OutputIdentifier":"Pomegranate Syrup",
		"InputPriceBased": true,
		"OutputPriceMultiplier": 1.2,
		"OutputPriceIncrement": 50,
		"OutputStack": 1,
		"Sounds": ["bubbles"],
	},
	{
		"ProducerName": "Syrup Maker",
		"InputIdentifier": "Rhubarb",
		"InputStack": 1,
		"FuelIdentifier": 245,
        "FuelStack": 1,
		"MinutesUntilReady": 1000,
		"OutputIdentifier":"Rhubarb Syrup",
		"InputPriceBased": true,
		"OutputPriceMultiplier": 1.2,
		"OutputPriceIncrement": 50,
		"OutputStack": 1,
		"Sounds": ["bubbles"],
	},
	{
		"ProducerName": "Syrup Maker",
		"InputIdentifier": "Salmonberry",
		"InputStack": 1,
		"FuelIdentifier": 245,
        "FuelStack": 1,
		"MinutesUntilReady": 1000,
		"OutputIdentifier":"Salmonberry Syrup",
		"InputPriceBased": true,
		"OutputPriceMultiplier": 1.2,
		"OutputPriceIncrement": 50,
		"OutputStack": 1,
		"Sounds": ["bubbles"],
	},
	{
		"ProducerName": "Syrup Maker",
		"InputIdentifier": "Spice Berry",
		"InputStack": 1,
		"FuelIdentifier": 245,
        "FuelStack": 1,
		"MinutesUntilReady": 1000,
		"OutputIdentifier":"Spiced Syrup",
		"InputPriceBased": true,
		"OutputPriceMultiplier": 1.2,
		"OutputPriceIncrement": 50,
		"OutputStack": 1,
		"Sounds": ["bubbles"],
	},
	{
		"ProducerName": "Syrup Maker",
		"InputIdentifier": "Starfruit",
		"InputStack": 1,
		"FuelIdentifier": 245,
        "FuelStack": 1,
		"MinutesUntilReady": 1000,
		"OutputIdentifier":"Starfruit Syrup",
		"InputPriceBased": true,
		"OutputPriceMultiplier": 1.2,
		"OutputPriceIncrement": 50,
		"OutputStack": 1,
		"Sounds": ["bubbles"],
	},
	{
		"ProducerName": "Syrup Maker",
		"InputIdentifier": "Strawberry",
		"InputStack": 1,
		"FuelIdentifier": 245,
        "FuelStack": 1,
		"MinutesUntilReady": 1000,
		"OutputIdentifier":"Strawberry Fruit Syrup",
		"InputPriceBased": true,
		"OutputPriceMultiplier": 1.2,
		"OutputPriceIncrement": 50,
		"OutputStack": 1,
		"Sounds": ["bubbles"],
	},
	{
		"ProducerName": "Syrup Maker",
		"InputIdentifier": "Sweet Gem Berry",
		"InputStack": 1,
		"FuelIdentifier": 245,
        "FuelStack": 1,
		"MinutesUntilReady": 1000,
		"OutputIdentifier":"Sweet Gem Syrup",
		"InputPriceBased": true,
		"OutputPriceMultiplier": 1.2,
		"OutputPriceIncrement": 50,
		"OutputStack": 1,
		"Sounds": ["bubbles"],
	},
	{
		"ProducerName": "Syrup Maker",
		"InputIdentifier": "Wild Plum",
		"InputStack": 1,
		"FuelIdentifier": 245,
        "FuelStack": 1,
		"MinutesUntilReady": 1000,
		"OutputIdentifier":"Plum Syrup",
		"InputPriceBased": true,
		"OutputPriceMultiplier": 1.2,
		"OutputPriceIncrement": 50,
		"OutputStack": 1,
		"Sounds": ["bubbles"],
	},
	{
		"ProducerName": "Syrup Maker",
		"InputIdentifier": "Sugar",
		"InputStack": 3,
		"MinutesUntilReady": 1000,
		"OutputIdentifier":"Sugary Syrup",
		"InputPriceBased": false,
		"OutputStack": 1,
		"Sounds": ["bubbles"],
	},

	// Weeds Honey Vanilla
	{
		"ProducerName": "Cola Maker",
		"InputIdentifier": "Ancient Syrup",
		"InputStack": 1,
		"FuelIdentifier": "Kola Nut",
        "FuelStack": 1,
        "AdditionalFuel": {"Sparkling Water": 1},
		"MinutesUntilReady": 2400,
		"OutputIdentifier":"Ancient Cola",
		"InputPriceBased": true,
		"OutputPriceMultiplier": 1.2,
		"OutputPriceIncrement": 165,
		"OutputStack": 1,
		"Sounds": ["bubbles"],
	},
	{
		"ProducerName": "Cola Maker",
		"InputIdentifier": "Apple Syrup",
		"InputStack": 1,
		"FuelIdentifier": "Kola Nut",
        "FuelStack": 1,
        "AdditionalFuel": {"Sparkling Water": 1},
		"MinutesUntilReady": 2400,
		"OutputIdentifier":"Apple Cola",
		"InputPriceBased": true,
		"OutputPriceMultiplier": 1.2,
		"OutputPriceIncrement": 165,
		"OutputStack": 1,
		"Sounds": ["bubbles"],
	},
	{
		"ProducerName": "Cola Maker",
		"InputIdentifier": "Apricot Syrup",
		"InputStack": 1,
		"FuelIdentifier": "Kola Nut",
        "FuelStack": 1,
        "AdditionalFuel": {"Sparkling Water": 1},
		"MinutesUntilReady": 2400,
		"OutputIdentifier":"Apricot Cola",
		"InputPriceBased": true,
		"OutputPriceMultiplier": 1.2,
		"OutputPriceIncrement": 165,
		"OutputStack": 1,
		"Sounds": ["bubbles"],
	},
	{
		"ProducerName": "Cola Maker",
		"InputIdentifier": "Blackberry Syrup",
		"InputStack": 1,
		"FuelIdentifier": "Kola Nut",
        "FuelStack": 1,
        "AdditionalFuel": {"Sparkling Water": 1},
		"MinutesUntilReady": 2400,
		"OutputIdentifier":"Blackberry Cola",
		"InputPriceBased": true,
		"OutputPriceMultiplier": 1.2,
		"OutputPriceIncrement": 165,
		"OutputStack": 1,
		"Sounds": ["bubbles"],
	},
	{
		"ProducerName": "Cola Maker",
		"InputIdentifier": "Blueberry Syrup",
		"InputStack": 1,
		"FuelIdentifier": "Kola Nut",
        "FuelStack": 1,
        "AdditionalFuel": {"Sparkling Water": 1},
		"MinutesUntilReady": 2400,
		"OutputIdentifier":"Blueberry Cola",
		"InputPriceBased": true,
		"OutputPriceMultiplier": 1.2,
		"OutputPriceIncrement": 165,
		"OutputStack": 1,
		"Sounds": ["bubbles"],
	},
	{
		"ProducerName": "Cola Maker",
		"InputIdentifier": "Cactus Syrup",
		"InputStack": 1,
		"FuelIdentifier": "Kola Nut",
        "FuelStack": 1,
        "AdditionalFuel": {"Sparkling Water": 1},
		"MinutesUntilReady": 2400,
		"OutputIdentifier":"Cactus Cola",
		"InputPriceBased": true,
		"OutputPriceMultiplier": 1.2,
		"OutputPriceIncrement": 165,
		"OutputStack": 1,
		"Sounds": ["bubbles"],
	},
	{
		"ProducerName": "Cola Maker",
		"InputIdentifier": "Cherry Syrup",
		"InputStack": 1,
		"FuelIdentifier": "Kola Nut",
        "FuelStack": 1,
        "AdditionalFuel": {"Sparkling Water": 1},
		"MinutesUntilReady": 2400,
		"OutputIdentifier":"Cherry Cola",
		"InputPriceBased": true,
		"OutputPriceMultiplier": 1.2,
		"OutputPriceIncrement": 165,
		"OutputStack": 1,
		"Sounds": ["bubbles"],
	},
	{
		"ProducerName": "Cola Maker",
		"InputIdentifier": "Coconut Syrup",
		"InputStack": 1,
		"FuelIdentifier": "Kola Nut",
        "FuelStack": 1,
        "AdditionalFuel": {"Sparkling Water": 1},
		"MinutesUntilReady": 2400,
		"OutputIdentifier":"Coconut Cola",
		"InputPriceBased": true,
		"OutputPriceMultiplier": 1.2,
		"OutputPriceIncrement": 165,
		"OutputStack": 1,
		"Sounds": ["bubbles"],
	},
	{
		"ProducerName": "Cola Maker",
		"InputIdentifier": "Cranberry Syrup",
		"InputStack": 1,
		"FuelIdentifier": "Kola Nut",
        "FuelStack": 1,
        "AdditionalFuel": {"Sparkling Water": 1},
		"MinutesUntilReady": 2400,
		"OutputIdentifier":"Cranberry Cola",
		"InputPriceBased": true,
		"OutputPriceMultiplier": 1.2,
		"OutputPriceIncrement": 165,
		"OutputStack": 1,
		"Sounds": ["bubbles"],
	},
	{
		"ProducerName": "Cola Maker",
		"InputIdentifier": "Crystal Syrup",
		"InputStack": 1,
		"FuelIdentifier": "Kola Nut",
        "FuelStack": 1,
        "AdditionalFuel": {"Sparkling Water": 1},
		"MinutesUntilReady": 2400,
		"OutputIdentifier":"Crystal Cola",
		"InputPriceBased": true,
		"OutputPriceMultiplier": 1.2,
		"OutputPriceIncrement": 165,
		"OutputStack": 1,
		"Sounds": ["bubbles"],
	},
	{
		"ProducerName": "Cola Maker",
		"InputIdentifier": "Grape Syrup",
		"InputStack": 1,
		"FuelIdentifier": "Kola Nut",
        "FuelStack": 1,
        "AdditionalFuel": {"Sparkling Water": 1},
		"MinutesUntilReady": 2400,
		"OutputIdentifier":"Grape Cola",
		"InputPriceBased": true,
		"OutputPriceMultiplier": 1.2,
		"OutputPriceIncrement": 165,
		"OutputStack": 1,
		"Sounds": ["bubbles"],
	},
	{
		"ProducerName": "Cola Maker",
		"InputIdentifier": "Pepper Syrup",
		"InputStack": 1,
		"FuelIdentifier": "Kola Nut",
        "FuelStack": 1,
        "AdditionalFuel": {"Sparkling Water": 1},
		"MinutesUntilReady": 2400,
		"OutputIdentifier":"Pepper Cola",
		"InputPriceBased": true,
		"OutputPriceMultiplier": 1.2,
		"OutputPriceIncrement": 165,
		"OutputStack": 1,
		"Sounds": ["bubbles"],
	},
	{
		"ProducerName": "Cola Maker",
		"InputIdentifier": "Melon Syrup",
		"InputStack": 1,
		"FuelIdentifier": "Kola Nut",
        "FuelStack": 1,
        "AdditionalFuel": {"Sparkling Water": 1},
		"MinutesUntilReady": 2400,
		"OutputIdentifier":"Melon Cola",
		"InputPriceBased": true,
		"OutputPriceMultiplier": 1.2,
		"OutputPriceIncrement": 165,
		"OutputStack": 1,
		"Sounds": ["bubbles"],
	},
	{
		"ProducerName": "Cola Maker",
		"InputIdentifier": "Orange Syrup",
		"InputStack": 1,
		"FuelIdentifier": "Kola Nut",
        "FuelStack": 1,
        "AdditionalFuel": {"Sparkling Water": 1},
		"MinutesUntilReady": 2400,
		"OutputIdentifier":"Orange Cola",
		"InputPriceBased": true,
		"OutputPriceMultiplier": 1.2,
		"OutputPriceIncrement": 165,
		"OutputStack": 1,
		"Sounds": ["bubbles"],
	},
	{
		"ProducerName": "Cola Maker",
		"InputIdentifier": "Peach Syrup",
		"InputStack": 1,
		"FuelIdentifier": "Kola Nut",
        "FuelStack": 1,
        "AdditionalFuel": {"Sparkling Water": 1},
		"MinutesUntilReady": 2400,
		"OutputIdentifier":"Peach Cola",
		"InputPriceBased": true,
		"OutputPriceMultiplier": 1.2,
		"OutputPriceIncrement": 165,
		"OutputStack": 1,
		"Sounds": ["bubbles"],
	},
	{
		"ProducerName": "Cola Maker",
		"InputIdentifier": "Pomegranate Syrup",
		"InputStack": 1,
		"FuelIdentifier": "Kola Nut",
        "FuelStack": 1,
        "AdditionalFuel": {"Sparkling Water": 1},
		"MinutesUntilReady": 2400,
		"OutputIdentifier":"Pomegranate Cola",
		"InputPriceBased": true,
		"OutputPriceMultiplier": 1.2,
		"OutputPriceIncrement": 165,
		"OutputStack": 1,
		"Sounds": ["bubbles"],
	},
	{
		"ProducerName": "Cola Maker",
		"InputIdentifier": "Rhubarb Syrup",
		"InputStack": 1,
		"FuelIdentifier": "Kola Nut",
        "FuelStack": 1,
        "AdditionalFuel": {"Sparkling Water": 1},
		"MinutesUntilReady": 2400,
		"OutputIdentifier":"Rhubarb Cola",
		"InputPriceBased": true,
		"OutputPriceMultiplier": 1.2,
		"OutputPriceIncrement": 165,
		"OutputStack": 1,
		"Sounds": ["bubbles"],
	},
	{
		"ProducerName": "Cola Maker",
		"InputIdentifier": "Salmonberry Syrup",
		"InputStack": 1,
		"FuelIdentifier": "Kola Nut",
        "FuelStack": 1,
        "AdditionalFuel": {"Sparkling Water": 1},
		"MinutesUntilReady": 2400,
		"OutputIdentifier":"Salmonberry Cola",
		"InputPriceBased": true,
		"OutputPriceMultiplier": 1.2,
		"OutputPriceIncrement": 165,
		"OutputStack": 1,
		"Sounds": ["bubbles"],
	},
	{
		"ProducerName": "Cola Maker",
		"InputIdentifier": "Spiced Syrup",
		"InputStack": 1,
		"FuelIdentifier": "Kola Nut",
        "FuelStack": 1,
        "AdditionalFuel": {"Sparkling Water": 1},
		"MinutesUntilReady": 2400,
		"OutputIdentifier":"Spiced Cola",
		"InputPriceBased": true,
		"OutputPriceMultiplier": 1.2,
		"OutputPriceIncrement": 165,
		"OutputStack": 1,
		"Sounds": ["bubbles"],
	},
	{
		"ProducerName": "Cola Maker",
		"InputIdentifier": "Starfruit Syrup",
		"InputStack": 1,
		"FuelIdentifier": "Kola Nut",
        "FuelStack": 1,
        "AdditionalFuel": {"Sparkling Water": 1},
		"MinutesUntilReady": 2400,
		"OutputIdentifier":"Starfruit Cola",
		"InputPriceBased": true,
		"OutputPriceMultiplier": 1.2,
		"OutputPriceIncrement": 165,
		"OutputStack": 1,
		"Sounds": ["bubbles"],
	},
	{
		"ProducerName": "Cola Maker",
		"InputIdentifier": "Strawberry Fruit Syrup",
		"InputStack": 1,
		"FuelIdentifier": "Kola Nut",
        "FuelStack": 1,
        "AdditionalFuel": {"Sparkling Water": 1},
		"MinutesUntilReady": 2400,
		"OutputIdentifier":"Strawberry Cola",
		"InputPriceBased": true,
		"OutputPriceMultiplier": 1.2,
		"OutputPriceIncrement": 165,
		"OutputStack": 1,
		"Sounds": ["bubbles"],
	},
	{
		"ProducerName": "Cola Maker",
		"InputIdentifier": "Sweet Gem Syrup",
		"InputStack": 1,
		"FuelIdentifier": "Kola Nut",
        "FuelStack": 1,
        "AdditionalFuel": {"Sparkling Water": 1},
		"MinutesUntilReady": 2400,
		"OutputIdentifier":"Gem Cola",
		"InputPriceBased": true,
		"OutputPriceMultiplier": 1.2,
		"OutputPriceIncrement": 165,
		"OutputStack": 1,
		"Sounds": ["bubbles"],
	},
	{
		"ProducerName": "Cola Maker",
		"InputIdentifier": "Plum Syrup",
		"InputStack": 1,
		"FuelIdentifier": "Kola Nut",
        "FuelStack": 1,
        "AdditionalFuel": {"Sparkling Water": 1},
		"MinutesUntilReady": 2400,
		"OutputIdentifier":"Plum Cola",
		"InputPriceBased": true,
		"OutputPriceMultiplier": 1.2,
		"OutputPriceIncrement": 165,
		"OutputStack": 1,
		"Sounds": ["bubbles"],
	},
	{
		"ProducerName": "Cola Maker",
		"InputIdentifier": "Sugary Syrup",
		"InputStack": 1,
		"FuelIdentifier": "Kola Nut",
        "FuelStack": 1,
        "AdditionalFuel": {"Sparkling Water": 1},
		"MinutesUntilReady": 2400,
		"OutputIdentifier":"Artisan Cola",
		"InputPriceBased": true,
		"OutputPriceMultiplier": 1.2,
		"OutputPriceIncrement": 165,
		"OutputStack": 1,
		"Sounds": ["bubbles"],
	},
	{
		"ProducerName": "Cola Maker",
		"InputIdentifier": "Vanilla Extract",
		"InputStack": 1,
		"FuelIdentifier": "Kola Nut",
        "FuelStack": 1,
        "AdditionalFuel": {"Sparkling Water": 1, "Sugary Syrup":1},
		"MinutesUntilReady": 2400,
		"OutputIdentifier":"Vanilla Cola",
		"InputPriceBased": true,
		"OutputPriceMultiplier": 1.2,
		"OutputPriceIncrement": 165,
		"OutputStack": 1,
		"Sounds": ["bubbles"],
	},
	{
		"ProducerName": "Cola Maker",
		"InputIdentifier": "Kola Nut",
		"InputStack": 1,
		"FuelIdentifier": "Sparkling Water",
        "FuelStack": 1,
		"MinutesUntilReady": 2400,
		"OutputIdentifier":"Diet Cola",
		"InputPriceBased": true,
		"OutputPriceMultiplier": 1.2,
		"OutputPriceIncrement": 165,
		"OutputStack": 1,
		"Sounds": ["bubbles"],
	},
	{
		"ProducerName": "Cola Maker",
		"InputIdentifier": "Fiber",
		"InputStack": 1,
		"FuelIdentifier": "Honey",
        "FuelStack": 1,
		"MinutesUntilReady": 1500,
		"OutputIdentifier":"Weeds Honey",
		"InputPriceBased": false,
		"OutputStack": 1,
		"Sounds": ["bubbles"],
	},
	]