[
	{
		"ProducerName": "Artisanal Soda Maker", //Name of the producer
		"AlternateFrameProducing": false, //If the producer should use the alternate frame when producing.
		"AlternateFrameWhenReady": false,//If the producer should use the alternate frame and ready for harvest.
		"DisableBouncingAnimationWhileWorking": true,
		"ProducingAnimation": { 
            "RelativeFrameIndex": [1,2,3,4,5], 
            "FrameInterval": 17 
        },
        "ReadyAnimation": 
        {
        	"RelativeFrameIndex": [6],
   		},
	},
	{
		"ProducerName": "Cream Soda Maker", //Name of the producer
		"AlternateFrameProducing": false, //If the producer should use the alternate frame when producing.
		"AlternateFrameWhenReady": false,//If the producer should use the alternate frame and ready for harvest.
		"DisableBouncingAnimationWhileWorking": true,
		"ProducingAnimation": { 
            "RelativeFrameIndex": [1,2,3,4,5], 
            "FrameInterval": 17 
        },
        "ReadyAnimation": 
        {
        	"RelativeFrameIndex": [6],
   		},
	},
	{
		"ProducerName": "Carbonator", //Name of the producer
		"AlternateFrameProducing": false, //If the producer should use the alternate frame when producing.
		"AlternateFrameWhenReady": false,//If the producer should use the alternate frame and ready for harvest.
		"DisableBouncingAnimationWhileWorking": true,
		"ProducingAnimation": { 
            "RelativeFrameIndex": [1,2,3,4,5], 
            "FrameInterval": 17 
        },
        "ReadyAnimation": 
        {
        	"RelativeFrameIndex": [6],
   		},
	},
	{
		"ProducerName": "Cola Maker", //Name of the producer
		"AlternateFrameProducing": false, //If the producer should use the alternate frame when producing.
		"AlternateFrameWhenReady": false,//If the producer should use the alternate frame and ready for harvest.
		"DisableBouncingAnimationWhileWorking": true,
		"ProducingAnimation": { 
            "RelativeFrameIndex": [1,2,3,4,5], 
            "FrameInterval": 17 
        },
        "ReadyAnimation": 
        {
        	"RelativeFrameIndex": [6],
   		},
	},
	{
		"ProducerName": "Syrup Maker", //Name of the producer
		"AlternateFrameProducing": false, //If the producer should use the alternate frame when producing.
		"AlternateFrameWhenReady": false,//If the producer should use the alternate frame and ready for harvest.
	},
]