{
  "Name": "Cranberry Cola",
  "Description": "How is this still bitter?!",
  "Category": "ArtisanGoods",
  "Edibility": 120,
  "EdibleIsDrink": true,
    "EdibleBuffs":
    {
        "Farming": 0,
        "Fishing": 2,
        "Mining": 2,
        "Luck": 0,
        "Foraging": 0,
        "MaxStamina": 0,
        "MagnetRadius": 0,
        "Speed": 3,
        "Defense": 0,
        "Attack": 0,
        "Duration": 360,
    },
  "Price": 320,
  "IsColored": false,
  "Recipe": null,
  "GiftTastes": {
	"Like": ["Abigail", "Alex", "Caroline", "Clint", "Demetrius", "Dwarf", "Elliott", "Emily", "Evelyn", "George", "Gus", "Haley", "Harvey", "Jas", "Jodi", "Kent", "Leah", "Lewis", "Linus", "Marnie", "Maru", "Pam", "Penny", "Pierre", "Robin", "Sam", "Sandy", "Sebastian", "Shane", "Vincent", "Wizard"],
	"Dislike": ["Krobus", "Willy"],
},
"ContextTags":
[
"soda_item"
]
}